{
  "width": 1624,
  "height": 1240,
  "K": [922.794069, 0.0, 835.337207, 0.0, 923.488058, 616.172134, 0.0, 0.0, 1.0],
  "D": [-0.090435, 0.076492, -4.3e-05, -0.000216]
}